City_ID,City,Country,Date,Lat,Lng,Max Temp,Humidity,Cloudiness,Wind Speed
0,Rikitea,PF,2022-09-12 20:01:19,-23.1203,-134.9692,72.75,69,76,2.93
1,Port Elizabeth,ZA,2022-09-12 20:00:18,-33.918,25.5701,52.11,68,0,14.0
2,Angoche,MZ,2022-09-12 20:01:19,-16.2325,39.9086,74.62,76,6,8.19
3,Coffs Harbour,AU,2022-09-12 20:01:20,-30.3,153.1333,53.56,87,3,5.75
4,Mataura,NZ,2022-09-12 20:01:20,-46.1927,168.8643,40.44,97,100,2.13
5,Nanortalik,GL,2022-09-12 20:01:21,60.1432,-45.2371,44.1,91,28,10.2
6,Hasaki,JP,2022-09-12 20:01:21,35.7333,140.8333,70.29,92,99,11.27
7,Ushuaia,AR,2022-09-12 20:01:22,-54.8,-68.3,43.18,72,47,2.19
8,Puerto Ayora,EC,2022-09-12 20:01:22,-0.7393,-90.3518,69.55,88,85,5.01
9,Osakarovka,KZ,2022-09-12 20:01:22,50.565,72.5692,43.23,55,9,3.8
10,Bilopillya,UA,2022-09-12 20:01:23,51.1502,34.3129,53.56,93,99,10.25
11,Lithakia,GR,2022-09-12 20:01:14,37.7167,20.8333,76.37,61,0,14.09
12,Saint George,US,2022-09-12 20:00:27,37.1041,-113.5841,85.95,37,0,5.75
13,Dikson,RU,2022-09-12 20:01:24,73.5069,80.5464,38.82,65,100,20.71
14,Igarka,RU,2022-09-12 20:01:24,67.4667,86.5833,31.14,89,55,7.02
15,Ribeira Grande,PT,2022-09-12 20:01:25,38.5167,-28.7,72.0,94,75,3.44
16,New Norfolk,AU,2022-09-12 20:01:25,-42.7826,147.0587,37.92,86,29,1.01
17,Coquimbo,CL,2022-09-12 19:56:42,-29.9533,-71.3436,60.53,58,0,11.5
18,Port Alfred,ZA,2022-09-12 20:01:26,-33.5906,26.891,57.11,68,0,13.56
19,Pitiquito,MX,2022-09-12 20:01:27,30.7,-112.0833,91.63,38,0,5.88
20,San Rafael,AR,2022-09-12 20:01:27,-34.6177,-68.3301,66.7,18,1,6.8
21,Bambous Virieux,MU,2022-09-12 19:58:03,-20.3428,57.7575,70.21,78,40,9.22
22,Tzaneen,ZA,2022-09-12 20:01:28,-23.8332,30.1635,63.37,82,99,8.25
23,Tiksi,RU,2022-09-12 20:01:28,71.6872,128.8694,32.41,83,37,4.0
24,Lively,CA,2022-09-12 20:01:29,46.4334,-81.1498,69.03,81,100,2.89
25,Albany,US,2022-09-12 19:56:38,42.6001,-73.9662,78.39,75,71,1.99
26,Dalbandin,PK,2022-09-12 20:01:29,28.8947,64.4101,85.53,13,0,5.21
27,Yerbogachen,RU,2022-09-12 20:01:30,61.2767,108.0108,46.85,90,100,3.85
28,Butaritari,KI,2022-09-12 20:01:30,3.0707,172.7902,82.18,71,9,7.61
29,Zabaykalsk,RU,2022-09-12 20:01:30,49.6333,117.3167,47.57,45,45,7.09
30,San Jose,US,2022-09-12 19:58:01,37.3394,-121.895,91.9,46,75,9.22
31,Kloulklubed,PW,2022-09-12 20:01:31,7.0419,134.2556,82.71,74,100,6.08
32,Tasiilaq,GL,2022-09-12 20:01:31,65.6145,-37.6368,57.36,54,0,7.23
33,Narsaq,GL,2022-09-12 20:01:32,60.9167,-46.05,49.17,73,100,3.18
34,Carnarvon,AU,2022-09-12 20:01:32,-24.8667,113.6333,68.52,75,1,17.72
35,Burnie,AU,2022-09-12 20:01:33,-41.0667,145.9167,33.94,80,4,5.77
36,Pangody,RU,2022-09-12 20:01:33,65.85,74.4859,43.05,87,100,11.43
37,Punta Arenas,CL,2022-09-12 20:01:34,-53.15,-70.9167,48.11,45,11,8.75
38,Fort Payne,US,2022-09-12 20:01:35,34.4442,-85.7197,80.42,60,4,1.99
39,Arraial Do Cabo,BR,2022-09-12 19:56:58,-22.9661,-42.0278,69.76,78,100,13.8
40,Sioux Lookout,CA,2022-09-12 20:00:33,50.1001,-91.917,80.38,24,70,8.46
41,Baykit,RU,2022-09-12 20:00:27,61.67,96.37,40.12,96,100,6.46
42,Bereda,ES,2022-09-12 20:01:35,43.2686,-7.5406,73.58,72,100,3.0
43,Talnakh,RU,2022-09-12 20:01:36,69.4865,88.3972,33.17,95,100,4.21
44,Jamestown,US,2022-09-12 19:59:52,42.097,-79.2353,77.52,54,75,8.05
45,Hermanus,ZA,2022-09-12 20:02:37,-34.4187,19.2345,46.8,70,2,1.43
46,Hithadhoo,MV,2022-09-12 20:02:37,-0.6,73.0833,81.95,71,0,9.66
47,Verkhnevilyuysk,RU,2022-09-12 20:02:37,63.4453,120.3167,43.59,85,100,4.59
48,Kurilsk,RU,2022-09-12 20:02:38,45.2333,147.8833,60.82,94,100,8.25
49,Nishihara,JP,2022-09-12 20:02:38,26.1842,127.7558,81.68,83,100,13.8
50,Wanning,CN,2022-09-12 20:02:39,18.8003,110.3967,77.22,85,5,4.14
51,Bredasdorp,ZA,2022-09-12 20:02:39,-34.5322,20.0403,48.09,78,0,6.02
52,Moyale,KE,2022-09-12 20:02:40,3.5167,39.0584,72.41,47,100,6.53
53,Sisimiut,GL,2022-09-12 19:58:05,66.9395,-53.6735,44.2,90,100,12.84
54,Saint-Philippe,RE,2022-09-12 20:02:41,-21.3585,55.7679,67.59,76,62,9.55
55,Busselton,AU,2022-09-12 19:58:24,-33.65,115.3333,56.98,79,42,21.52
56,Vila Franca Do Campo,PT,2022-09-12 20:02:41,37.7167,-25.4333,75.2,83,53,11.32
57,Puerto Escondido,MX,2022-09-12 19:59:41,15.85,-97.0667,85.03,54,75,2.3
58,Tuatapere,NZ,2022-09-12 20:02:42,-46.1333,167.6833,40.53,93,100,4.21
59,Vysokogornyy,RU,2022-09-12 20:02:42,50.1167,139.15,54.0,98,100,2.64
60,Nikolskoye,RU,2022-09-12 20:02:43,59.7035,30.7861,53.49,75,93,3.62
61,Berlevag,NO,2022-09-12 20:02:43,70.8578,29.0864,40.8,87,75,6.91
62,Tubuala,PA,2022-09-12 20:02:44,9.5167,-79.0333,82.11,77,73,1.41
63,Sumenep,ID,2022-09-12 20:02:44,-7.0167,113.8667,79.27,79,38,8.05
64,Fairbanks,US,2022-09-12 20:02:45,64.8378,-147.7164,55.31,71,100,3.96
65,Okara,PK,2022-09-12 20:02:10,30.8081,73.4458,82.94,60,7,5.61
66,Ponta Do Sol,PT,2022-09-12 20:02:45,32.6667,-17.1,75.83,79,88,12.1
67,Kruisfontein,ZA,2022-09-12 20:02:45,-34.0033,24.7314,49.89,74,0,10.2
68,Eskisehir,TR,2022-09-12 20:02:46,39.7767,30.5206,57.43,92,12,6.38
69,San Cristobal,VE,2022-09-12 20:02:46,7.7669,-72.225,84.15,48,68,2.82
70,Kristiinankaupunki,FI,2022-09-12 20:02:46,62.2743,21.376,53.26,83,100,11.03
71,Beringovskiy,RU,2022-09-12 20:02:47,63.05,179.3167,44.65,65,30,19.3
72,Caravelas,BR,2022-09-12 20:02:47,-17.7125,-39.2481,74.19,63,0,6.38
73,Olinda,BR,2022-09-12 20:02:48,-8.0089,-34.8553,78.53,69,20,11.5
74,Lucapa,AO,2022-09-12 20:02:48,-8.4192,20.7447,74.86,57,26,5.39
75,Kurush,RU,2022-09-12 20:02:49,41.2841,47.8345,47.77,50,0,4.68
76,Hilo,US,2022-09-12 20:02:49,19.7297,-155.09,83.28,77,15,5.99
77,Pisco,PE,2022-09-12 20:02:49,-13.7,-76.2167,66.02,71,98,10.4
78,Shatrovo,RU,2022-09-12 20:02:50,56.5167,64.6333,48.15,60,100,3.6
79,Yellowknife,CA,2022-09-12 20:00:04,62.456,-114.3525,50.56,57,86,6.44
80,Xuddur,SO,2022-09-12 20:02:50,4.1213,43.8894,74.43,64,94,20.07
81,Goderich,CA,2022-09-12 20:00:28,43.7501,-81.7165,71.91,66,9,10.27
82,Khatanga,RU,2022-09-12 20:02:51,71.9667,102.5,32.14,78,95,6.87
83,Andros Town,BS,2022-09-12 20:02:51,24.7,-77.7667,76.96,65,2,8.88
84,Barrow,US,2022-09-12 20:00:18,71.2906,-156.7887,35.62,93,100,23.02
85,Margate,GB,2022-09-12 20:02:52,51.3813,1.3862,69.69,86,100,1.01
86,Atuona,PF,2022-09-12 20:02:52,-9.8,-139.0333,76.57,77,19,19.64
87,Sivaki,RU,2022-09-12 20:02:53,52.6333,126.75,40.71,88,55,2.93
88,Constitucion,CL,2022-09-12 20:02:53,-35.3333,-72.4167,54.93,69,100,5.19
89,Acapulco,MX,2022-09-12 19:58:34,16.8634,-99.8901,81.45,82,100,6.78
90,Zhuhai,CN,2022-09-12 20:03:54,22.2769,113.5678,85.78,79,0,5.75
91,Husavik,IS,2022-09-12 20:03:54,66.0449,-17.3389,49.5,78,42,7.23
92,Iranshahr,IR,2022-09-12 20:03:55,27.2025,60.6848,91.85,19,5,6.44
93,Grand Gaube,MU,2022-09-12 20:03:55,-20.0064,57.6608,70.38,68,36,4.0
94,Tena,EC,2022-09-12 20:03:56,-0.9833,-77.8167,92.43,34,8,5.32
95,Muhos,FI,2022-09-12 20:03:56,64.808,25.9931,49.89,95,100,4.16
96,Hobart,AU,2022-09-12 20:00:21,-42.8794,147.3294,39.25,85,40,8.05
97,Biak,ID,2022-09-12 20:03:57,-0.9131,122.8766,74.46,88,20,5.48
98,Qaanaaq,GL,2022-09-12 20:03:57,77.484,-69.3632,38.44,93,100,3.6
99,Cape Town,ZA,2022-09-12 20:03:33,-33.9258,18.4232,56.26,67,0,10.0
100,Alyangula,AU,2022-09-12 20:03:57,-13.8483,136.4192,71.47,94,75,0.0
101,Lorengau,PG,2022-09-12 20:03:58,-2.0226,147.2712,80.87,71,48,10.58
102,Teluk Nibung,ID,2022-09-12 20:03:58,3.001,99.8164,75.2,90,46,5.5
103,Haines Junction,CA,2022-09-12 20:03:59,60.7522,-137.5108,55.9,51,59,4.12
104,Geraldton,AU,2022-09-12 20:03:59,-28.7667,114.6,63.01,77,75,14.97
105,Bintulu,MY,2022-09-12 20:03:59,3.1667,113.0333,76.78,87,96,2.62
106,Kapaa,US,2022-09-12 20:04:00,22.0752,-159.319,82.38,78,15,4.0
107,Khandyga,RU,2022-09-12 20:04:00,62.6667,135.6,38.05,93,100,6.2
108,Tuktoyaktuk,CA,2022-09-12 20:04:01,69.4541,-133.0374,41.0,87,100,10.36
109,Coahuayana,MX,2022-09-12 19:59:14,18.7333,-103.6833,81.97,82,100,5.12
110,Kavieng,PG,2022-09-12 20:04:01,-2.5744,150.7967,80.74,73,98,12.46
111,Markova,UA,2022-09-12 20:04:02,48.6758,24.4138,49.44,93,100,5.7
112,Klaksvik,FO,2022-09-12 20:04:02,62.2266,-6.589,50.92,94,99,18.97
113,Grindavik,IS,2022-09-12 20:04:03,63.8424,-22.4338,48.67,87,100,14.97
114,Bluff,NZ,2022-09-12 20:04:03,-46.6,168.3333,45.23,74,100,17.22
115,Lagoa,PT,2022-09-12 20:04:03,39.05,-27.9833,71.37,81,65,8.46
116,Ketchikan,US,2022-09-12 20:00:15,55.3422,-131.6461,61.12,62,22,2.73
117,Sao Filipe,CV,2022-09-12 20:04:04,14.8961,-24.4956,79.84,78,25,15.77
118,Mookane,BW,2022-09-12 20:04:04,-23.688,26.6595,74.79,19,0,16.78
119,Obo,CF,2022-09-12 20:04:04,5.3998,26.4869,68.14,94,100,3.27
120,Quatre Cocos,MU,2022-09-12 20:04:05,-20.2078,57.7625,70.09,73,17,11.18
121,Avera,US,2022-09-12 20:04:05,33.194,-82.5271,87.31,50,55,9.28
122,Kachiry,KZ,2022-09-12 20:04:06,53.0675,76.1036,43.88,53,74,5.93
123,Sorland,NO,2022-09-12 20:04:06,67.667,12.6934,51.66,81,100,15.77
124,Tandlianwala,PK,2022-09-12 20:04:07,31.0333,73.1333,83.7,58,5,6.73
125,Avarua,CK,2022-09-12 20:04:07,-21.2078,-159.775,77.05,73,75,14.97
126,Mbuji-Mayi,CD,2022-09-12 20:04:07,-6.15,23.6,77.11,68,68,2.93
127,Nouakchott,MR,2022-09-12 20:04:08,18.0858,-15.9785,85.95,71,77,10.67
128,Faya,SA,2022-09-12 20:04:08,18.3851,42.4509,70.32,25,79,8.52
129,Lavrentiya,RU,2022-09-12 20:04:08,65.5833,-171.0,44.22,99,100,5.91
130,Linqiong,CN,2022-09-12 20:04:09,30.4159,103.4609,73.38,81,97,0.38
131,Morondava,MG,2022-09-12 20:04:09,-20.2833,44.2833,71.49,77,0,6.53
132,Chokurdakh,RU,2022-09-12 20:04:10,70.6333,147.9167,38.86,93,100,9.17
133,Victoria,HK,2022-09-12 20:00:19,22.2855,114.1577,86.38,71,0,5.86
134,Saskylakh,RU,2022-09-12 20:04:10,71.9167,114.0833,34.0,97,93,6.55
135,Amalapuram,IN,2022-09-12 20:04:10,16.5833,82.0167,80.38,79,98,8.5
136,Salalah,OM,2022-09-12 20:05:11,17.0151,54.0924,78.89,100,75,4.61
137,Grottammare,IT,2022-09-12 20:05:11,42.9888,13.8649,72.82,66,2,5.44
138,Boguchar,RU,2022-09-12 20:05:11,49.9358,40.545,53.71,61,98,14.99
139,Biu,NG,2022-09-12 20:05:12,10.6129,12.1946,72.03,84,80,5.28
140,Sukkur,PK,2022-09-12 20:05:12,27.7052,68.8574,85.87,79,20,0.0
141,Sokoni,TZ,2022-09-12 20:05:13,-6.4333,39.55,75.2,78,9,14.18
142,Bahia Honda,CU,2022-09-12 20:05:13,22.9036,-83.1592,84.76,74,36,6.91
143,Tokuyama,JP,2022-09-12 20:00:26,34.05,131.8167,74.71,87,99,4.85
144,Winneba,GH,2022-09-12 20:05:14,5.3511,-0.6231,74.55,90,100,10.45
145,Yaan,NG,2022-09-12 20:05:14,7.3833,8.5667,74.52,93,22,7.38
146,Cuamba,MZ,2022-09-12 20:05:14,-14.8031,36.5372,78.66,29,69,2.19
147,Aden,YE,2022-09-12 20:05:15,12.7794,45.0367,89.91,62,89,2.13
148,San Patricio,US,2022-09-12 20:05:15,28.017,-97.5169,91.9,41,14,5.1
149,Katsuura,JP,2022-09-12 20:05:16,35.1333,140.3,76.93,90,98,11.39
150,Staraya Poltavka,RU,2022-09-12 20:05:16,50.4772,46.4814,59.74,38,100,18.12
151,Faanui,PF,2022-09-12 20:05:17,-16.4833,-151.75,77.22,78,56,18.16
152,Ambilobe,MG,2022-09-12 20:05:17,-13.2,49.05,67.01,73,52,4.16
153,Payakumbuh,ID,2022-09-12 20:05:17,-0.2202,100.6308,70.25,98,100,2.37
154,Iqaluit,CA,2022-09-12 20:05:18,63.7506,-68.5145,45.7,81,100,15.01
155,Yinchuan,CN,2022-09-12 20:05:18,38.4681,106.2731,67.78,44,0,3.71
156,Newport,GB,2022-09-12 20:05:19,51.5877,-2.9984,71.46,76,100,6.64
157,Palmer,US,2022-09-12 20:03:40,42.1584,-72.3287,79.63,69,75,3.44
158,Cabedelo,BR,2022-09-12 20:05:19,-6.9811,-34.8339,77.67,75,20,14.36
159,Svetlyy,RU,2022-09-12 20:05:20,54.675,20.1347,48.25,78,29,2.51
160,Thompson,CA,2022-09-12 20:05:20,55.7435,-97.8558,53.47,43,88,11.54
161,Syracuse,IT,2022-09-12 20:05:21,37.0881,15.2792,79.97,65,23,6.89
162,Vestmanna,FO,2022-09-12 20:05:21,62.1564,-7.1664,49.12,100,100,19.57
163,Rawson,AR,2022-09-12 20:05:21,-43.3002,-65.1023,49.55,62,11,15.55
164,Chuy,UY,2022-09-12 20:05:22,-33.6971,-53.4616,58.39,81,75,8.63
165,Kirakira,SB,2022-09-12 20:05:22,-10.4544,161.9205,78.35,82,34,6.22
166,Sambava,MG,2022-09-12 20:05:23,-14.2667,50.1667,67.41,91,41,9.28
167,Longyearbyen,SJ,2022-09-12 20:02:17,78.2186,15.6401,31.84,74,75,18.41
168,Chittaurgarh,IN,2022-09-12 20:05:23,24.8833,74.6333,77.16,86,100,4.32
169,Ancud,CL,2022-09-12 20:05:24,-41.8697,-73.8203,52.23,79,100,1.3
170,Beyneu,KZ,2022-09-12 20:05:24,45.3167,55.2,62.46,48,0,18.9
171,Pleszew,PL,2022-09-12 20:05:25,51.8964,17.7855,59.9,64,100,3.56
172,Letterkenny,IE,2022-09-12 20:00:55,54.95,-7.7333,58.93,80,93,6.46
173,Smithers,CA,2022-09-12 20:04:54,54.7804,-127.1743,68.56,36,71,0.45
174,Chumikan,RU,2022-09-12 20:05:26,54.7183,135.315,42.53,89,96,7.4
175,Port Macquarie,AU,2022-09-12 20:05:26,-31.4333,152.9167,47.89,80,3,8.9
176,Honningsvag,NO,2022-09-12 20:05:26,70.9821,25.9704,37.15,81,100,0.0
177,Gizo,SB,2022-09-12 20:05:27,-8.103,156.8419,80.91,72,6,6.02
178,Vestmannaeyjar,IS,2022-09-12 20:05:27,63.4427,-20.2734,50.43,83,100,11.41
179,Kaitangata,NZ,2022-09-12 20:05:27,-46.2817,169.8464,41.54,90,100,5.17
180,Guerrero Negro,MX,2022-09-12 20:05:28,27.9769,-114.0611,80.02,62,0,11.07
181,Souillac,MU,2022-09-12 20:01:29,-20.5167,57.5167,70.18,78,40,9.22
182,Bafoulabe,ML,2022-09-12 20:05:29,13.8065,-10.8321,80.82,78,45,2.44
183,Kijang,KR,2022-09-12 20:06:29,35.2442,129.2139,71.91,91,100,11.65
184,Cidreira,BR,2022-09-12 20:06:29,-30.1811,-50.2056,60.64,87,64,12.12
185,Bilibino,RU,2022-09-12 20:06:30,68.0546,166.4372,40.87,92,100,4.18
186,Araouane,ML,2022-09-12 20:06:30,18.9048,-3.5265,102.29,15,98,5.35
187,Auki,SB,2022-09-12 20:06:30,-8.7676,160.7034,76.6,82,39,2.55
188,Harlingen,US,2022-09-12 20:03:08,26.1906,-97.6961,93.16,66,20,10.36
189,Pevek,RU,2022-09-12 20:06:31,69.7008,170.3133,34.48,95,98,7.7
190,Raduzhnyy,RU,2022-09-12 20:06:31,62.0961,77.475,43.0,75,97,8.39
191,Riberalta,BO,2022-09-12 20:06:32,-10.9833,-66.1,86.0,52,95,3.36
192,Nanakuli,US,2022-09-12 20:06:32,21.3906,-158.1547,84.15,70,75,8.05
193,Mahebourg,MU,2022-09-12 20:06:33,-20.4081,57.7,70.25,78,40,9.22
194,Scarborough,GB,2022-09-12 20:02:03,54.2797,-0.4044,62.17,89,12,9.8
195,Severo-Kurilsk,RU,2022-09-12 20:06:33,50.6789,156.125,54.59,71,100,3.29
196,Soyo,AO,2022-09-12 20:06:33,-6.1349,12.3689,73.74,81,88,9.08
197,Antofagasta,CL,2022-09-12 20:06:34,-23.65,-70.4,60.08,77,34,9.82
198,Robertsport,LR,2022-09-12 20:06:34,6.7533,-11.3686,77.74,84,10,11.48
199,Ondjiva,AO,2022-09-12 20:06:35,-17.0667,15.7333,72.88,13,0,4.88
200,Antsohihy,MG,2022-09-12 20:06:35,-14.8796,47.9875,72.19,72,89,4.23
201,Vaini,TO,2022-09-12 20:06:36,-21.2,-175.2,75.42,82,6,12.5
202,Arman,RU,2022-09-12 20:06:36,59.7,150.1667,42.21,72,32,7.76
203,Mar Del Plata,AR,2022-09-12 20:04:10,-38.0023,-57.5575,54.95,83,100,11.01
204,Buchanan,LR,2022-09-12 20:06:37,5.8808,-10.0467,76.62,85,44,8.41
205,Ilulissat,GL,2022-09-12 20:06:37,69.2167,-51.1,46.42,81,75,13.8
206,Sorong,ID,2022-09-12 20:06:38,-0.8833,131.25,77.92,86,100,9.13
207,Port Blair,IN,2022-09-12 20:06:38,11.6667,92.75,80.87,81,100,5.75
208,Maniitsoq,GL,2022-09-12 20:06:38,65.4167,-52.9,41.76,96,100,19.15
209,Guymon,US,2022-09-12 20:06:39,36.6828,-101.4816,87.8,33,0,13.8
210,Diamantino,BR,2022-09-12 20:06:39,-14.4086,-56.4461,102.36,11,43,3.76
211,Gat,IL,2022-09-12 20:06:39,31.61,34.7642,79.48,100,0,0.13
212,Diego De Almagro,CL,2022-09-12 20:06:40,-26.3667,-70.05,68.04,17,0,10.07
213,Shizunai,JP,2022-09-12 20:06:40,42.3339,142.3669,65.23,89,100,7.96
214,Zhezkazgan,KZ,2022-09-12 20:06:41,47.8043,67.7144,51.82,40,42,6.44
215,Yei,SS,2022-09-12 20:06:41,4.095,30.6779,65.95,98,100,3.8
216,Georgetown,MY,2022-09-12 20:06:41,5.4112,100.3354,79.9,87,20,2.3
217,Los Llanos De Aridane,ES,2022-09-12 20:06:42,28.6585,-17.9182,73.15,91,40,4.0
218,Poum,NC,2022-09-12 20:06:42,-20.2333,164.0167,76.66,79,100,15.93
219,Marzuq,YE,2022-09-12 20:06:42,14.4,46.4667,82.87,50,79,3.47
220,Erenhot,CN,2022-09-12 20:06:43,43.6475,111.9767,63.07,35,0,11.07
221,Owando,CG,2022-09-12 20:06:43,-0.4819,15.8999,73.96,80,60,2.62
222,Kodinsk,RU,2022-09-12 20:06:43,58.6881,99.1844,45.32,97,100,11.21
223,Shelui,TZ,2022-09-12 20:06:44,-4.3667,34.2,81.73,37,99,14.12
224,Komsomolskiy,UZ,2022-09-12 20:06:44,40.4272,71.7189,57.92,77,41,2.3
225,Riyadh,SA,2022-09-12 20:06:45,24.6877,46.7219,87.94,11,6,5.48
226,Saldanha,ZA,2022-09-12 20:06:45,-33.0117,17.9442,55.02,74,0,20.36
227,Peniche,PT,2022-09-12 20:06:45,39.3558,-9.3811,72.28,87,14,26.13
228,Kosonsoy,UZ,2022-09-12 20:06:46,41.2561,71.5508,53.83,70,4,4.68
229,Isangel,VU,2022-09-12 20:06:46,-19.55,169.2667,76.42,78,29,8.68
230,Muisne,EC,2022-09-12 20:06:46,0.6,-80.0333,77.04,78,96,12.37
231,Manuk Mangkaw,PH,2022-09-12 20:07:47,4.8,119.85,82.69,69,2,1.48
232,Maningrida,AU,2022-09-12 20:07:47,-12.0667,134.2667,71.37,94,9,6.33
233,Vallenar,CL,2022-09-12 20:07:47,-28.5708,-70.7581,70.27,28,0,8.28
234,Izumo,JP,2022-09-12 20:07:48,35.3667,132.7667,73.72,96,74,7.38
235,Sao Mateus,BR,2022-09-12 20:07:48,-18.7161,-39.8589,74.43,72,54,5.17
236,Olafsvik,IS,2022-09-12 20:07:48,64.8945,-23.7142,49.89,88,100,14.32
237,La Palma,US,2022-09-12 20:07:49,33.8464,-118.0467,92.97,63,75,8.05
238,Conceicao Do Araguaia,BR,2022-09-12 20:07:49,-8.2578,-49.2647,99.36,20,22,5.82
239,Bethel,US,2022-09-12 20:07:50,41.3712,-73.414,81.81,68,0,3.44
240,Bengkulu,ID,2022-09-12 20:07:50,-3.8004,102.2655,75.13,90,100,3.18
241,Ballina,AU,2022-09-12 20:07:50,-28.8667,153.5667,57.02,98,26,10.51
242,Roald,NO,2022-09-12 20:07:51,62.5833,6.1333,61.75,88,20,9.22
243,Seymchan,RU,2022-09-12 20:07:51,62.8833,152.4333,39.25,96,100,8.59
244,Norman Wells,CA,2022-09-12 20:07:52,65.282,-126.8329,59.81,41,78,3.2
245,Balaipungut,ID,2022-09-12 20:07:52,1.05,101.2833,73.08,94,22,2.48
246,Aklavik,CA,2022-09-12 20:07:53,68.2191,-135.0107,49.55,74,3,5.93
247,Provideniya,RU,2022-09-12 20:07:53,64.3833,-173.3,46.33,93,100,6.44
248,Alvand,IR,2022-09-12 20:07:54,36.3187,49.1678,62.02,48,0,3.49
249,Gobabis,NA,2022-09-12 20:07:54,-22.45,18.9667,61.29,20,0,15.75
250,Goundi,TD,2022-09-12 20:07:54,9.3627,17.366,68.99,97,100,5.46
251,Slave Lake,CA,2022-09-12 20:05:45,55.2834,-114.769,62.38,30,87,5.59
252,Egvekinot,RU,2022-09-12 20:07:55,66.3167,-179.1667,36.27,94,100,14.97
253,Cururupu,BR,2022-09-12 20:07:55,-1.8283,-44.8683,82.62,69,79,4.81
254,Reconquista,AR,2022-09-12 20:07:56,-29.15,-59.65,73.51,26,0,10.04
255,Kavaratti,IN,2022-09-12 20:07:56,10.5669,72.642,80.33,81,95,14.72
256,Porto Torres,IT,2022-09-12 20:07:56,40.835,8.3972,73.58,64,91,4.25
257,Kudahuvadhoo,MV,2022-09-12 20:07:57,2.6708,72.8944,81.86,73,17,9.1
258,Fortuna,US,2022-09-12 20:07:57,40.5982,-124.1573,71.91,65,20,12.66
259,Mindelo,CV,2022-09-12 20:07:58,16.8901,-24.9804,78.44,76,62,19.8
260,Batagay,RU,2022-09-12 20:07:58,67.6333,134.6333,30.65,95,82,5.19
261,Skjervoy,NO,2022-09-12 20:07:58,70.0311,20.9714,35.6,66,44,10.56
262,Makakilo City,US,2022-09-12 20:07:59,21.3469,-158.0858,82.72,73,75,8.05
263,Grafton,US,2022-09-12 20:04:11,42.207,-71.6856,80.02,76,100,5.75
264,Ilo,PE,2022-09-12 20:07:59,-17.6394,-71.3375,61.66,77,100,11.5
265,Buraydah,SA,2022-09-12 20:07:59,26.326,43.975,96.04,9,0,7.72
266,Dunedin,NZ,2022-09-12 20:08:00,-45.8742,170.5036,40.8,90,100,1.99
267,Karratha,AU,2022-09-12 20:08:00,-20.7377,116.8463,68.83,71,2,7.85
268,Nhulunbuy,AU,2022-09-12 20:08:00,-12.2333,136.7667,75.81,94,9,5.75
269,Camenca,MD,2022-09-12 20:08:01,48.0319,28.6978,53.83,84,100,14.85
270,Laguna,US,2022-09-12 20:08:01,38.421,-121.4238,89.11,39,0,6.91
271,Altay,CN,2022-09-12 20:08:02,47.8667,88.1167,47.3,43,65,3.36
272,Bolu,TR,2022-09-12 20:08:02,40.6667,31.5833,56.46,89,79,3.71
273,Lebu,CL,2022-09-12 20:08:02,-37.6167,-73.65,53.28,67,100,8.14
274,Aksarka,RU,2022-09-12 20:08:03,66.5606,67.7975,46.09,86,100,16.28
275,Luderitz,NA,2022-09-12 20:08:03,-26.6481,15.1594,66.2,31,14,19.24
276,Udankudi,IN,2022-09-12 20:09:04,8.4333,78.0167,79.38,73,93,11.97
277,Tabas,IR,2022-09-12 20:09:04,33.5959,56.9244,77.27,18,0,5.84
278,Pangnirtung,CA,2022-09-12 20:09:05,66.1451,-65.7125,44.06,87,100,8.66
279,Teya,RU,2022-09-12 20:09:05,60.3778,92.6267,39.56,83,98,6.55
280,Dasoguz,TM,2022-09-12 20:09:06,41.8363,59.9666,59.05,39,0,9.37
281,Fare,PF,2022-09-12 20:09:06,-16.7,-151.0167,78.39,76,65,21.05
282,Richards Bay,ZA,2022-09-12 20:09:06,-28.783,32.0377,63.32,86,100,6.29
283,Tura,IN,2022-09-12 20:09:07,25.5198,90.2201,72.25,99,100,5.19
284,Leningradskiy,RU,2022-09-12 20:09:07,69.3833,178.4167,37.74,80,100,5.84
285,Kodiak,US,2022-09-12 20:06:55,57.79,-152.4072,58.51,63,0,11.5
286,Punta De Bombon,PE,2022-09-12 20:09:08,-17.1717,-71.7931,60.94,79,91,10.09
287,Buala,SB,2022-09-12 20:09:08,-8.145,159.5921,79.21,78,34,4.32
288,Naze,JP,2022-09-12 20:09:10,28.3667,129.4833,79.57,86,100,16.04
289,Shache,CN,2022-09-12 20:09:10,38.4167,77.2406,74.71,24,96,15.84
290,Alice Springs,AU,2022-09-12 20:09:11,-23.7,133.8833,57.22,26,6,5.75
291,Ahipara,NZ,2022-09-12 20:09:11,-35.1667,173.1667,58.62,79,31,10.49
292,Lalmohan,BD,2022-09-12 20:09:11,22.3384,90.7419,77.97,91,100,15.95
293,Abnub,EG,2022-09-12 20:09:12,27.2696,31.1511,86.13,33,0,6.82
294,Caraguatatuba,BR,2022-09-12 20:09:12,-23.6338,-45.4899,66.34,95,96,4.21
295,Broken Hill,AU,2022-09-12 20:04:31,-31.95,141.4333,47.91,81,1,10.29
296,Jiazi,CN,2022-09-12 20:09:13,22.8779,116.067,78.82,61,3,4.52
297,Fort Saint James,CA,2022-09-12 20:09:13,54.4333,-124.25,70.7,31,77,1.79
298,Port Hedland,AU,2022-09-12 20:09:13,-20.3167,118.5667,68.05,73,40,9.22
299,Coolum Beach,AU,2022-09-12 20:09:14,-26.5333,153.1,56.1,80,0,7.0
300,Bonavista,CA,2022-09-12 20:09:14,48.6499,-53.1147,57.94,99,100,15.23
301,Hambantota,LK,2022-09-12 20:09:15,6.1241,81.1185,78.3,83,74,14.45
302,Murgab,TM,2022-09-12 20:09:15,37.4966,61.9714,59.72,27,0,8.39
303,Golpayegan,IR,2022-09-12 20:09:15,33.4537,50.2884,69.37,32,1,2.98
304,Coihaique,CL,2022-09-12 20:08:57,-45.5752,-72.0662,52.41,66,100,13.8
305,Birao,CF,2022-09-12 20:09:16,10.2849,22.7882,68.63,97,87,2.59
306,Taltal,CL,2022-09-12 20:09:16,-25.4,-70.4833,60.12,67,9,7.96
307,Tamboril,DO,2022-09-12 20:09:17,19.4854,-70.611,84.97,74,40,11.5
308,Sinnamary,GF,2022-09-12 20:09:17,5.3833,-52.95,83.34,69,42,8.55
309,Paracatu,BR,2022-09-12 20:09:17,-17.2222,-46.8747,92.17,15,6,6.11
310,Ati,TD,2022-09-12 20:09:18,13.2154,18.3353,86.7,59,99,9.22
311,Inhambane,MZ,2022-09-12 20:09:18,-23.865,35.3833,72.23,81,37,8.59
312,Yingcheng,CN,2022-09-12 20:09:19,30.95,113.55,70.12,63,18,7.05
313,Namtsy,RU,2022-09-12 20:09:19,62.7161,129.6658,39.29,90,96,4.56
314,Castro,BR,2022-09-12 20:04:29,-24.7911,-50.0119,61.16,94,100,4.36
315,San Javier,ES,2022-09-12 20:09:20,37.8063,-0.8374,85.57,76,40,6.91
316,Nsanje,MW,2022-09-12 20:09:20,-16.92,35.262,77.99,48,8,6.51
317,Hamilton,US,2022-09-12 20:05:29,39.1834,-84.5333,74.73,52,40,12.66
318,Topolobampo,MX,2022-09-12 20:09:21,25.6,-109.05,91.31,52,40,8.05
319,Serebryanyy Bor,RU,2022-09-12 20:09:21,56.8,124.8,38.55,69,100,5.86
320,Yar-Sale,RU,2022-09-12 20:10:22,66.8333,70.8333,45.59,87,100,17.6
321,Pemangkat,ID,2022-09-12 20:07:20,1.1667,108.9667,78.51,84,100,7.2
322,Gryfice,PL,2022-09-12 20:10:22,53.9165,15.2003,62.83,79,91,6.64
323,Kotelnich,RU,2022-09-12 20:10:23,58.3089,48.348,45.23,88,97,4.9
324,Padang,ID,2022-09-12 20:10:23,-0.9492,100.3543,76.69,88,100,2.51
325,Ilawa,PL,2022-09-12 20:10:24,53.596,19.5685,51.78,88,7,4.63
326,Cheney,US,2022-09-12 20:10:24,47.4874,-117.5758,76.15,29,20,9.22
327,Tautira,PF,2022-09-12 20:10:24,-17.7333,-149.15,78.4,73,71,20.89
328,Airai,TL,2022-09-12 20:08:26,-8.9266,125.4092,57.06,68,95,2.77
329,Iralaya,HN,2022-09-12 20:10:25,15.0,-83.2333,86.0,68,44,8.59
330,Nome,US,2022-09-12 20:10:19,64.5011,-165.4064,51.87,87,100,10.36
331,Kulhudhuffushi,MV,2022-09-12 20:10:25,6.6221,73.07,80.69,79,4,9.31
332,Hofn,IS,2022-09-12 20:10:26,64.2539,-15.2082,49.46,85,100,2.89
333,Kahului,US,2022-09-12 20:10:26,20.8947,-156.47,87.82,55,20,21.85
334,Mukhen,RU,2022-09-12 20:10:27,48.1,136.1,59.86,97,93,9.22
335,Ialibu,PG,2022-09-12 20:10:27,-6.2821,143.9935,53.29,96,100,3.02
336,Broome,US,2022-09-12 20:10:28,42.2506,-75.833,77.45,84,75,6.91
337,Sur,OM,2022-09-12 20:10:28,22.5667,59.5289,85.37,66,40,11.52
338,Yershov,RU,2022-09-12 20:10:28,51.3513,48.2766,52.25,50,100,9.91
339,Nabire,ID,2022-09-12 20:10:29,-3.3667,135.4833,74.84,93,94,3.42
340,Mehamn,NO,2022-09-12 20:10:29,71.0357,27.8492,39.11,87,20,4.61
341,Codrington,AU,2022-09-12 20:10:30,-38.2667,141.9667,44.47,71,98,1.23
342,Alofi,NU,2022-09-12 20:10:30,-19.0595,-169.9187,78.69,78,40,11.5
343,East London,ZA,2022-09-12 20:10:30,-33.0153,27.9116,58.78,61,21,11.56
344,Nouadhibou,MR,2022-09-12 20:10:31,20.931,-17.0347,74.39,80,88,21.52
345,Cherskiy,RU,2022-09-12 20:10:32,68.75,161.3,39.07,91,100,6.73
346,Torrington,US,2022-09-12 20:05:55,41.8007,-73.1212,81.75,77,84,3.65
347,Ovalle,CL,2022-09-12 20:10:32,-30.5983,-71.2003,66.79,45,50,9.55
348,Pacific Grove,US,2022-09-12 20:10:33,36.6177,-121.9166,84.38,82,0,10.36
349,Lakatoro,VU,2022-09-12 20:10:33,-16.0999,167.4164,78.69,69,45,10.27
350,Progreso,MX,2022-09-12 20:10:34,21.2833,-89.6667,90.1,72,100,12.35
351,Kalmunai,LK,2022-09-12 20:10:34,7.4167,81.8167,79.63,83,97,2.68
352,Khuzdar,PK,2022-09-12 20:10:34,27.7384,66.6434,74.91,56,87,3.78
353,Gairo,IT,2022-09-12 20:10:35,39.8497,9.5047,69.17,81,2,2.39
354,Russell,US,2022-09-12 20:10:35,32.3502,-85.1999,85.6,67,78,4.81
355,Houma,US,2022-09-12 20:10:35,29.5958,-90.7195,91.0,60,40,5.75
356,Torbay,CA,2022-09-12 20:10:36,47.6666,-52.7314,59.88,97,100,5.01
357,Martinsburg,US,2022-09-12 20:10:36,39.4562,-77.9639,81.14,88,100,4.61
358,Santa Isabel Do Rio Negro,BR,2022-09-12 20:08:19,-0.4139,-65.0192,90.27,51,100,2.64
359,Nortelandia,BR,2022-09-12 20:10:37,-14.4547,-56.8028,103.3,12,38,3.8
360,San Clemente,US,2022-09-12 20:06:53,33.427,-117.612,88.03,74,69,8.99
361,Aras,ES,2022-09-12 20:10:37,42.5617,-2.356,68.43,94,0,8.05
362,Piacabucu,BR,2022-09-12 20:10:38,-10.4056,-36.4344,74.68,77,5,7.43
363,Bathsheba,BB,2022-09-12 20:10:38,13.2167,-59.5167,88.41,66,20,13.8
364,Mercedes,AR,2022-09-12 20:10:38,-34.6515,-59.4307,70.86,32,0,4.72
365,Mhlume,SZ,2022-09-12 20:10:39,-26.0333,31.85,67.84,76,100,7.74
366,Shubarshi,KZ,2022-09-12 20:11:39,48.5872,57.1869,60.19,35,99,5.5
367,Peleduy,RU,2022-09-12 20:11:40,59.6289,112.7406,47.86,90,100,1.12
368,Lamar,US,2022-09-12 20:11:40,33.6668,-95.5836,85.89,31,0,3.44
369,Yarmouth,US,2022-09-12 20:11:40,41.7057,-70.2286,73.51,92,100,5.75
370,Chaman,PK,2022-09-12 20:11:41,30.9236,66.4512,77.61,22,0,5.68
371,Venado Tuerto,AR,2022-09-12 20:11:41,-33.7456,-61.9688,68.77,17,0,2.39
372,Phalombe,MW,2022-09-12 20:11:41,-15.8064,35.6507,73.06,40,40,6.26
373,Djambala,CG,2022-09-12 20:11:42,-2.5447,14.7533,77.14,58,99,3.76
374,Eching,DE,2022-09-12 20:11:42,48.3,11.6167,59.65,81,0,2.3
375,Shimoda,JP,2022-09-12 20:11:43,34.6667,138.95,76.35,90,100,13.71
376,Gboko,NG,2022-09-12 20:11:43,7.3179,8.9951,75.76,88,30,9.13
377,Aykhal,RU,2022-09-12 20:11:43,66.0,111.5,30.25,96,100,2.24
378,Axim,GH,2022-09-12 20:11:44,4.8699,-2.2405,74.26,87,100,7.38
379,Devils Lake,US,2022-09-12 20:11:44,48.1128,-98.8651,80.58,32,0,14.97
380,Upernavik,GL,2022-09-12 20:11:45,72.7868,-56.1549,40.32,98,100,2.13
381,Sol-Iletsk,RU,2022-09-12 20:11:45,51.1631,54.9918,53.64,51,100,5.06
382,Joshimath,IN,2022-09-12 20:11:45,30.5667,79.5667,67.96,85,72,0.11
383,Aksu,CN,2022-09-12 20:11:46,41.1231,80.2644,81.19,16,100,16.73
384,Esperance,AU,2022-09-12 20:09:28,-33.8667,121.9,61.48,60,28,13.51
385,Sao Joao Da Barra,BR,2022-09-12 20:11:46,-21.6403,-41.0511,71.69,78,38,13.62
386,Te Anau,NZ,2022-09-12 20:11:47,-45.4167,167.7167,39.07,95,100,3.36
387,Nuuk,GL,2022-09-12 20:11:47,64.1835,-51.7216,48.81,81,75,16.11
388,Ostrovnoy,RU,2022-09-12 20:11:47,68.0531,39.5131,46.4,93,96,8.16
389,Maceio,BR,2022-09-12 20:11:15,-9.6658,-35.7353,78.24,69,40,11.5
390,Paamiut,GL,2022-09-12 20:11:48,61.994,-49.6678,40.96,96,100,8.3
391,Kovur,IN,2022-09-12 20:11:48,14.4833,79.9833,85.06,54,100,8.14
392,Lapy,PL,2022-09-12 20:11:49,52.9911,22.8842,51.28,94,98,6.44
393,La Ronge,CA,2022-09-12 20:11:49,55.1001,-105.2842,61.05,36,35,10.36
394,Havre-Saint-Pierre,CA,2022-09-12 20:11:50,50.2334,-63.5986,59.36,94,20,8.05
395,Leshukonskoye,RU,2022-09-12 20:11:50,64.8989,45.7622,46.54,85,100,5.99
396,Sitka,US,2022-09-12 20:11:50,57.0531,-135.33,59.4,69,53,6.24
397,Marawi,PH,2022-09-12 20:11:51,7.9986,124.2928,68.47,91,40,3.94
398,Cabo San Lucas,MX,2022-09-12 20:11:51,22.8909,-109.9124,90.7,58,0,10.36
399,Shenjiamen,CN,2022-09-12 20:11:51,29.9576,122.298,75.58,90,100,19.98
400,Sasebo,JP,2022-09-12 20:11:05,33.1592,129.7228,80.04,86,100,6.15
401,Koslan,RU,2022-09-12 20:11:52,63.4564,48.8989,45.57,90,100,6.89
402,Tiznit,MA,2022-09-12 20:11:52,29.5833,-9.5,74.75,54,100,3.18
403,Storm Lake,US,2022-09-12 20:11:53,42.6411,-95.2097,76.44,31,0,6.91
404,Shaoguan,CN,2022-09-12 20:11:53,24.8,113.5833,73.69,61,31,1.19
405,Warrnambool,AU,2022-09-12 20:11:54,-38.3833,142.4833,48.24,55,61,2.55
406,Ca Mau,VN,2022-09-12 20:11:54,9.1769,105.15,75.97,92,100,3.74
407,Port Keats,AU,2022-09-12 20:11:54,-14.25,129.55,76.39,91,7,4.9
408,Valparaiso,CL,2022-09-12 20:10:53,-33.0393,-71.6273,59.23,88,75,11.5
409,Balabac,PH,2022-09-12 20:11:55,7.9868,117.0645,80.89,78,6,5.26
410,Bar-Le-Duc,FR,2022-09-12 20:12:55,48.75,5.1667,62.98,57,39,6.17
411,Durban,ZA,2022-09-12 20:12:53,-29.8579,31.0292,60.93,94,100,4.0
412,Luanda,AO,2022-09-12 20:12:56,-8.8368,13.2343,73.4,83,20,4.61
413,Namibe,AO,2022-09-12 20:12:56,-15.1961,12.1522,63.77,85,100,2.01
414,Mount Isa,AU,2022-09-12 20:12:57,-20.7333,139.5,60.57,59,0,5.75
415,Vagur,FO,2022-09-12 20:12:57,61.4732,-6.8119,51.76,94,98,19.35
416,Chico,US,2022-09-12 20:09:17,39.7285,-121.8375,89.64,44,75,4.61
417,Roebourne,AU,2022-09-12 20:12:57,-20.7833,117.1333,68.32,72,0,7.52
418,Mattru,SL,2022-09-12 20:12:58,7.6244,-11.8332,73.74,95,27,3.65
419,Mehriz,IR,2022-09-12 20:12:58,31.5917,54.4318,75.7,18,2,2.3
420,Chapais,CA,2022-09-12 20:12:58,49.7834,-74.8492,62.38,53,100,3.91
421,Plettenberg Bay,ZA,2022-09-12 20:12:59,-34.0527,23.3716,51.66,78,0,7.36
422,Granadilla De Abona,ES,2022-09-12 20:12:59,28.1188,-16.576,72.03,83,20,8.05
423,Prince Rupert,CA,2022-09-12 20:11:13,54.3161,-130.3201,58.69,82,11,2.3
424,Akkermanovka,RU,2022-09-12 20:13:00,51.2467,58.2391,44.38,53,100,4.52
425,Keti Bandar,PK,2022-09-12 20:13:00,24.1447,67.4497,82.53,84,100,13.53
426,Rocha,UY,2022-09-12 20:13:00,-34.4833,-54.3333,56.77,80,99,7.11
427,Taos,US,2022-09-12 20:13:01,36.4072,-105.5731,82.2,22,0,8.01
428,Brigantine,US,2022-09-12 20:13:01,39.4101,-74.3646,85.19,79,20,10.36
429,Krasnyy Yar,RU,2022-09-12 20:13:02,46.5331,48.3456,60.73,55,15,14.05
430,Puerto Padre,CU,2022-09-12 20:13:02,21.195,-76.6028,87.98,58,99,12.12
431,Setermoen,NO,2022-09-12 20:13:02,68.861,18.3486,49.44,83,100,4.12
432,Merzifon,TR,2022-09-12 20:13:03,40.8733,35.4631,58.46,94,40,8.05
433,Fuerte Olimpo,PY,2022-09-12 20:13:03,-21.0415,-57.8738,80.04,33,80,11.03
434,Alfatar,BG,2022-09-12 20:13:04,43.95,27.2833,64.62,69,51,3.94
435,Portland,US,2022-09-12 20:10:04,45.5234,-122.6762,78.94,63,75,6.91
436,Port Lincoln,AU,2022-09-12 20:13:04,-34.7333,135.8667,53.01,82,49,14.65
437,Somerton,US,2022-09-12 20:13:04,32.5964,-114.7097,97.02,45,40,0.0
438,Gadwal,IN,2022-09-12 20:13:05,16.2333,77.8,73.13,86,100,12.53
439,Bangkok,TH,2022-09-12 20:11:03,13.75,100.5167,80.49,91,76,5.08
440,Roswell,US,2022-09-12 20:11:44,34.0232,-84.3616,84.78,71,75,10.36
441,Srednekolymsk,RU,2022-09-12 20:13:05,67.45,153.6833,37.13,98,100,6.89
442,Marsh Harbour,BS,2022-09-12 20:13:06,26.5412,-77.0636,84.79,68,21,4.5
443,Ayr,GB,2022-09-12 20:13:06,55.4627,-4.6339,58.98,77,100,13.8
444,Amapa,BR,2022-09-12 20:13:06,1.0,-52.0,90.0,47,84,1.99
445,Korla,CN,2022-09-12 20:13:07,41.7597,86.1469,73.98,28,6,19.04
446,Camacha,PT,2022-09-12 20:13:07,33.0833,-16.3333,71.02,73,40,18.41
447,Kailua,US,2022-09-12 20:13:08,21.4022,-157.7394,84.18,69,75,11.5
448,Saint-Georges,GD,2022-09-12 20:11:03,12.0564,-61.7485,87.48,70,20,6.91
449,Lac Du Bonnet,CA,2022-09-12 20:13:08,50.2536,-96.0612,85.82,17,14,11.92
450,Muzhi,RU,2022-09-12 20:13:09,65.3667,64.6667,47.46,73,100,11.81
451,Ostend,BE,2022-09-12 20:13:09,51.2234,2.9119,69.35,71,0,1.14
452,Oudtshoorn,ZA,2022-09-12 20:08:29,-33.5907,22.2014,49.03,78,0,2.08
453,Koumac,NC,2022-09-12 20:13:10,-20.5667,164.2833,74.1,83,100,3.44
454,Puerto Quijarro,BO,2022-09-12 20:13:10,-17.7833,-57.7667,99.9,20,97,4.29
455,Morro Bay,US,2022-09-12 20:13:11,35.3658,-120.8499,95.38,23,37,8.01
456,Yumen,CN,2022-09-12 20:13:11,40.2833,97.2,70.09,30,100,17.09
457,Mae Sot,TH,2022-09-12 20:13:11,16.7167,98.5667,77.41,98,100,0.58
458,Vostok,RU,2022-09-12 20:14:12,46.4856,135.8833,56.39,98,80,5.39
459,Ostersund,SE,2022-09-12 20:14:12,63.1792,14.6357,55.62,82,0,9.22
460,Itoman,JP,2022-09-12 20:14:13,26.1247,127.6694,82.42,85,40,13.8
461,Tikapur,NP,2022-09-12 20:14:13,28.5,81.1333,77.4,91,100,4.32
462,Lapeer,US,2022-09-12 20:12:08,43.0514,-83.3188,67.93,58,94,12.17
463,Clyde River,CA,2022-09-12 20:14:14,70.4692,-68.5914,39.43,100,100,3.44
464,Kihei,US,2022-09-12 20:12:06,20.785,-156.4656,87.82,79,20,21.85
465,Atar,MR,2022-09-12 20:14:14,20.5169,-13.0499,99.63,26,54,12.5
466,Wonogiri,ID,2022-09-12 20:14:15,-7.8144,110.9259,74.21,92,34,1.83
467,Lasa,IT,2022-09-12 20:14:15,46.6166,10.7002,57.36,48,25,4.23
468,Belmonte,BR,2022-09-12 20:14:15,-15.8631,-38.8828,74.08,67,2,7.25
469,Hammerfest,NO,2022-09-12 20:14:16,70.6634,23.6821,36.05,80,0,3.44
470,Beira,MZ,2022-09-12 20:14:16,-19.8436,34.8389,75.29,78,20,3.44
471,Kroonstad,ZA,2022-09-12 20:14:16,-27.6504,27.2349,54.82,67,100,12.28
472,Wejherowo,PL,2022-09-12 20:09:52,54.6057,18.2356,53.04,97,100,1.01
473,Lompoc,US,2022-09-12 20:13:50,34.6391,-120.4579,87.94,64,0,12.66
474,Elizabeth City,US,2022-09-12 20:10:33,36.2946,-76.2511,89.62,71,99,1.01
475,Kununurra,AU,2022-09-12 20:14:15,-15.7667,128.7333,73.38,68,100,0.0
476,San Quintin,MX,2022-09-12 20:14:17,30.4833,-115.95,76.35,74,84,8.93
477,Dahuk,IQ,2022-09-12 20:14:18,36.8695,42.994,82.06,19,0,2.37
478,Creel,MX,2022-09-12 20:14:18,27.75,-107.6333,73.08,37,1,6.98
479,Fonte Boa,BR,2022-09-12 20:14:19,-2.4959,-66.2662,89.76,54,49,2.08
480,Atlantic City,US,2022-09-12 20:11:48,39.3643,-74.4229,85.17,78,75,10.36
481,Camargo,MX,2022-09-12 20:14:19,27.6667,-105.1667,82.83,35,6,4.27
482,Zapolyarnyy,RU,2022-09-12 20:14:20,69.4154,30.8136,40.28,88,97,3.89
483,Pauini,BR,2022-09-12 20:14:21,-7.7136,-66.9764,99.01,28,85,2.75
484,Shostka,UA,2022-09-12 20:14:21,51.863,33.4698,51.93,92,99,10.29
485,Kaifeng,CN,2022-09-12 20:14:21,34.7911,114.3483,66.92,72,0,3.42
486,Muravlenko,RU,2022-09-12 20:14:22,63.7898,74.523,44.49,73,100,12.1
487,Jacareacanga,BR,2022-09-12 20:14:22,-6.2222,-57.7528,96.24,27,96,6.42
488,Baiao,BR,2022-09-12 20:14:22,-2.7906,-49.6717,83.88,60,94,3.76
489,Veraval,IN,2022-09-12 20:14:23,20.9,70.3667,78.19,94,100,15.17
490,Pasni,PK,2022-09-12 20:14:23,25.2631,63.471,79.83,91,7,3.13
491,Mayya,RU,2022-09-12 20:14:23,61.7333,130.2811,38.52,78,64,6.96
492,Akyab,MM,2022-09-12 20:10:40,20.15,92.9,77.47,90,100,2.19
493,Kourou,GF,2022-09-12 20:14:24,5.1552,-52.6478,87.85,67,41,7.63
494,Silvia,CO,2022-09-12 20:14:24,2.611,-76.3785,65.89,56,67,1.3
495,Dalvik,IS,2022-09-12 20:14:25,65.9702,-18.5286,55.33,71,83,2.59
496,Uruzgan,AF,2022-09-12 20:14:25,32.8333,66.0,71.69,29,0,2.53
497,Barra,BR,2022-09-12 20:14:26,-11.0894,-43.1417,90.18,28,3,5.41
498,Shestakovo,RU,2022-09-12 20:14:26,56.4915,103.96,47.64,92,95,11.1
499,Dorchester,US,2022-09-12 20:11:21,33.1002,-80.3831,88.99,74,0,5.75
500,Cerrito,CO,2022-09-12 20:14:27,6.8432,-72.694,61.36,78,91,1.03
501,Mount Gambier,AU,2022-09-12 20:14:27,-37.8333,140.7667,35.82,88,42,3.96
502,Loa Janan,ID,2022-09-12 20:14:28,-0.583,117.095,73.04,98,97,0.83
503,Adana,TR,2022-09-12 20:11:30,36.985,35.2881,78.82,83,40,3.44
504,Touros,BR,2022-09-12 20:15:28,-5.1989,-35.4608,77.74,71,24,16.51
505,Doha,QA,2022-09-12 20:15:28,25.2867,51.5333,93.18,64,0,3.44
506,Sijunjung,ID,2022-09-12 20:15:29,-0.6876,100.9537,72.57,99,100,1.3
507,Cap-Aux-Meules,CA,2022-09-12 20:13:55,47.3821,-61.8597,64.45,82,75,8.05
508,Quballat,TN,2022-09-12 20:15:29,36.5418,9.6633,84.49,52,45,5.93
509,Kitovo,RU,2022-09-12 20:15:30,56.8659,41.2825,45.03,66,86,5.84
510,Lisakovsk,KZ,2022-09-12 20:15:30,52.5369,62.4936,51.08,58,100,5.41
511,Deputatskiy,RU,2022-09-12 20:15:31,69.3,139.9,24.85,89,17,2.75
512,Bay Roberts,CA,2022-09-12 20:11:05,47.5999,-53.2648,62.51,97,100,4.0
513,Mizan Teferi,ET,2022-09-12 20:15:31,6.9833,35.5833,61.43,95,100,1.95
514,Mahibadhoo,MV,2022-09-12 20:15:31,3.7833,72.9667,81.09,77,38,9.01
515,Yuxia,CN,2022-09-12 20:15:32,34.0615,108.6291,66.81,75,0,5.14
516,Naugachhia,IN,2022-09-12 20:15:32,25.4,87.1,76.3,92,100,12.57
517,Vao,NC,2022-09-12 20:15:33,-22.6667,167.4833,73.94,80,100,12.64
518,Santiago,CL,2022-09-12 20:15:23,-33.4569,-70.6483,66.54,47,0,13.8
519,Newark,US,2022-09-12 20:15:33,40.7357,-74.1724,84.58,68,75,6.91
520,Anadyr,RU,2022-09-12 20:15:34,64.75,177.4833,37.9,93,75,11.18
521,Saint-Augustin,CA,2022-09-12 20:15:34,51.226,-58.6502,69.4,56,0,8.9
522,Selfoss,IS,2022-09-12 20:13:56,63.9331,-20.9971,50.04,82,100,8.08
523,Montevideo,UY,2022-09-12 20:15:05,-34.8335,-56.1674,59.02,75,40,11.5
524,Petropavlovsk-Kamchatskiy,RU,2022-09-12 20:13:03,53.0452,158.6483,43.39,87,20,8.95
525,Muncar,ID,2022-09-12 20:15:35,-8.4333,114.3333,75.54,88,82,4.81
526,Cayenne,GF,2022-09-12 20:15:18,4.9333,-52.3333,87.84,62,20,8.05
527,Miramar,US,2022-09-12 20:15:36,25.9873,-80.2323,93.02,60,20,18.41
528,Ixtapa,MX,2022-09-12 20:15:36,20.7,-105.2,83.23,83,100,5.75
529,Stornoway,GB,2022-09-12 20:15:37,58.2093,-6.3865,53.92,93,75,13.8
530,Beloha,MG,2022-09-12 20:15:37,-25.1667,45.05,63.99,94,3,4.41
531,College,US,2022-09-12 20:15:37,64.8569,-147.8028,55.29,70,75,1.01
532,Mnogovershinnyy,RU,2022-09-12 20:15:38,53.9353,139.9242,39.51,95,100,7.34
533,Chegdomyn,RU,2022-09-12 20:15:38,51.1167,133.0167,43.0,95,100,6.22
534,Dunmore Town,BS,2022-09-12 20:15:38,25.5,-76.65,84.47,68,24,4.7
535,Erzin,TR,2022-09-12 20:15:39,36.9559,36.2,73.76,88,6,3.87
536,Gushikawa,JP,2022-09-12 20:15:39,26.3544,127.8686,81.63,86,40,13.8
537,Bogotol,RU,2022-09-12 20:15:39,56.2078,89.5342,37.9,87,100,9.6
538,Westport,US,2022-09-12 20:13:55,41.1415,-73.3579,84.06,67,0,6.91
539,Carmen,MX,2022-09-12 20:15:40,18.6333,-91.8333,80.64,89,100,9.22
540,Tahoua,NE,2022-09-12 20:15:40,14.8888,5.2692,89.92,45,35,6.29
541,Ust-Tsilma,RU,2022-09-12 20:15:41,65.441,52.1498,45.97,84,100,6.17
542,Namatanai,PG,2022-09-12 20:15:41,-3.6667,152.4333,77.16,77,11,8.99
543,Tessalit,ML,2022-09-12 20:15:42,20.1986,1.0114,97.59,12,46,4.54
544,Teixoso,PT,2022-09-12 20:15:42,40.3145,-7.4576,69.69,95,100,11.16
545,Carolina,PR,2022-09-12 20:15:42,18.3808,-65.9574,85.89,84,75,9.22
546,Domoni,KM,2022-09-12 20:15:43,-12.2569,44.5319,75.33,77,77,3.62
547,Mokhsogollokh,RU,2022-09-12 20:12:14,61.4681,128.9203,38.01,83,39,4.0
548,San Anselmo,US,2022-09-12 20:15:43,37.9747,-122.5616,87.15,62,0,10.36
549,Gold Coast,AU,2022-09-12 20:15:44,-28.0,153.4333,60.87,85,0,10.36
550,Zyryanovsk,KZ,2022-09-12 20:16:44,49.7386,84.2719,43.61,76,85,0.87
551,Monrovia,LR,2022-09-12 20:13:44,6.3005,-10.7969,76.87,83,30,9.22
552,Adrar,MR,2022-09-12 20:16:45,20.5022,-10.0711,99.73,19,58,2.82
553,Mitu,CO,2022-09-12 20:16:45,1.1983,-70.1733,85.03,62,84,4.38
554,Rustenburg,ZA,2022-09-12 20:16:16,-25.6676,27.2421,69.67,16,72,13.4
555,Sevierville,US,2022-09-12 20:16:46,35.8681,-83.5618,78.33,64,0,9.22
556,Klyuchi,RU,2022-09-12 20:16:46,52.2667,79.1667,44.56,76,55,3.13
557,Banda Aceh,ID,2022-09-12 20:16:47,5.5577,95.3222,78.64,80,88,5.37
558,Umm Kaddadah,SD,2022-09-12 20:16:47,13.6017,26.6876,82.2,55,100,17.69
559,San Policarpo,PH,2022-09-12 20:16:47,12.1791,125.5072,78.17,89,100,5.41
560,Lata,PT,2022-09-12 20:15:35,40.1629,-8.3327,69.93,87,79,10.36
561,Gazojak,TM,2022-09-12 20:16:48,41.1875,61.4036,61.14,35,0,10.16
562,Pochutla,MX,2022-09-12 20:16:48,15.7432,-96.4661,82.22,80,94,4.65
563,Nikolayevka,RU,2022-09-12 20:16:49,53.1257,47.2041,45.82,72,93,5.35
564,Gull Lake,CA,2022-09-12 20:15:28,50.1001,-108.4847,75.97,21,5,13.65
565,Suzhou,CN,2022-09-12 20:14:43,31.3114,120.6181,70.75,97,100,7.11
566,Athens,GR,2022-09-12 20:14:57,37.9795,23.7162,77.16,58,20,5.99
567,Changji,CN,2022-09-12 20:16:50,44.0167,87.3167,56.19,94,99,4.47
568,Zeya,RU,2022-09-12 20:16:50,53.75,127.2667,42.96,84,100,2.13
